country_id,sus_indicator_id,year,indicator_value,source_note
1,3,2017,97.7,WDI Data
1,4,2015,18.4,WDI Data
1,6,2014,62.7,WDI Data
1,7,2016,56.3,WDI Data
1,8,2017,2.7,WDI Data
1,9,2014,0.3,WDI Data
1,10,2018,0.1,WDI Data
1,11,2015,10.0,WDI Data
1,12,2017,13.5,WDI Data
3,1,2017,70.0,WDI Data
3,2,2017,39.9,WDI Data
3,3,2017,100.0,WDI Data
3,4,2015,38.6,WDI Data
3,7,2016,18.2,WDI Data
3,8,2017,8.2,WDI Data
3,9,2014,2.0,WDI Data
3,10,2018,13.5,WDI Data
3,11,2015,2.8,WDI Data
3,12,2017,71.8,WDI Data
4,2,2017,17.7,WDI Data
4,3,2017,100.0,WDI Data
4,4,2015,0.1,WDI Data
4,5,2015,0.5,WDI Data
4,7,2016,39.9,WDI Data
4,8,2017,21.2,WDI Data
4,9,2014,3.7,WDI Data
4,10,2018,7.1,WDI Data
4,11,2015,1.4,WDI Data
4,12,2017,47.7,WDI Data
5,1,2017,12.6,WDI Data
5,4,2015,0.9,WDI Data
5,7,2016,12.4,WDI Data
5,10,2018,8.7,WDI Data
5,11,2015,7.2,WDI Data
6,1,2017,90.6,WDI Data
6,2,2017,100.0,WDI Data
6,3,2017,100.0,WDI Data
6,4,2015,19.7,WDI Data
6,7,2016,10.3,WDI Data
6,9,2014,5.8,WDI Data
6,10,2018,26.7,WDI Data
6,11,2015,0.0,WDI Data
6,12,2017,91.6,WDI Data
7,3,2017,41.9,WDI Data
7,4,2015,49.6,WDI Data
7,5,2015,0.0,WDI Data
7,6,2014,55.5,WDI Data
7,7,2016,31.8,WDI Data
7,8,2017,-16.3,WDI Data
7,9,2014,1.3,WDI Data
7,10,2018,5.0,WDI Data
7,11,2015,4.8,WDI Data
7,12,2017,14.3,WDI Data
10,3,2017,100.0,WDI Data
10,4,2015,0.0,WDI Data
10,7,2016,18.5,WDI Data
10,9,2014,5.7,WDI Data
10,10,2018,0.3,WDI Data
10,11,2015,10.3,WDI Data
10,12,2017,76.0,WDI Data
11,3,2017,100.0,WDI Data
11,4,2015,10.0,WDI Data
11,5,2015,0.6,WDI Data
11,6,2014,16.7,WDI Data
11,7,2016,13.8,WDI Data
11,8,2017,5.4,WDI Data
11,9,2014,4.8,WDI Data
11,10,2018,7.4,WDI Data
11,11,2015,6.5,WDI Data
11,12,2017,74.3,WDI Data
12,1,2017,86.5,WDI Data
12,2,2017,48.2,WDI Data
12,3,2017,100.0,WDI Data
12,4,2015,15.8,WDI Data
12,5,2015,0.3,WDI Data
12,6,2014,14.4,WDI Data
12,7,2016,32.2,WDI Data
12,8,2017,1.5,WDI Data
12,9,2014,1.9,WDI Data
12,10,2018,23.1,WDI Data
12,11,2015,2.6,WDI Data
12,12,2017,64.7,WDI Data
13,3,2017,100.0,WDI Data
13,4,2015,6.7,WDI Data
13,9,2014,8.4,WDI Data
13,10,2018,0.1,WDI Data
13,11,2015,1.9,WDI Data
13,12,2017,97.2,WDI Data
14,2,2017,75.6,WDI Data
14,3,2017,100.0,WDI Data
14,4,2015,9.2,WDI Data
14,5,2015,1.9,WDI Data
14,7,2016,8.6,WDI Data
14,8,2017,5.6,WDI Data
14,9,2014,15.4,WDI Data
14,10,2018,29.7,WDI Data
14,11,2015,1.0,WDI Data
14,12,2017,86.5,WDI Data
15,1,2017,98.9,WDI Data
15,2,2017,96.7,WDI Data
15,3,2017,100.0,WDI Data
15,4,2015,34.4,WDI Data
15,5,2015,3.0,WDI Data
15,7,2016,12.6,WDI Data
15,8,2017,14.1,WDI Data
15,9,2014,6.9,WDI Data
15,10,2018,28.4,WDI Data
15,11,2015,0.5,WDI Data
15,12,2017,87.9,WDI Data
16,1,2017,73.6,WDI Data
16,3,2017,100.0,WDI Data
16,4,2015,2.3,WDI Data
16,5,2015,0.2,WDI Data
16,7,2016,20.2,WDI Data
16,8,2017,9.5,WDI Data
16,9,2014,3.9,WDI Data
16,10,2018,5.5,WDI Data
16,11,2015,2.3,WDI Data
16,12,2017,79.0,WDI Data
17,3,2017,100.0,WDI Data
17,4,2015,1.2,WDI Data
17,7,2016,17.7,WDI Data
17,8,2017,7.1,WDI Data
17,9,2014,6.5,WDI Data
17,10,2018,8.6,WDI Data
17,11,2015,37.7,WDI Data
17,12,2017,85.0,WDI Data
18,1,2017,99.0,WDI Data
18,2,2017,96.0,WDI Data
18,3,2017,100.0,WDI Data
18,4,2015,0.0,WDI Data
18,5,2015,0.1,WDI Data
18,7,2016,69.9,WDI Data
18,8,2017,20.4,WDI Data
18,9,2014,23.5,WDI Data
18,10,2018,1.7,WDI Data
18,11,2015,0.5,WDI Data
18,12,2017,95.9,WDI Data
19,1,2017,55.4,WDI Data
19,3,2017,88.0,WDI Data
19,4,2015,34.7,WDI Data
19,6,2014,55.1,WDI Data
19,7,2016,60.1,WDI Data
19,8,2017,24.5,WDI Data
19,9,2014,0.5,WDI Data
19,10,2018,4.9,WDI Data
19,11,2015,2.5,WDI Data
19,12,2017,15.0,WDI Data
20,3,2017,100.0,WDI Data
20,4,2015,2.8,WDI Data
20,7,2016,23.5,WDI Data
20,9,2014,4.5,WDI Data
20,10,2018,0.0,WDI Data
20,11,2015,10.9,WDI Data
20,12,2017,81.8,WDI Data
21,1,2017,94.5,WDI Data
21,2,2017,80.5,WDI Data
21,3,2017,100.0,WDI Data
21,4,2015,6.8,WDI Data
21,5,2015,0.5,WDI Data
21,7,2016,18.9,WDI Data
21,8,2017,21.2,WDI Data
21,9,2014,6.7,WDI Data
21,10,2018,9.4,WDI Data
21,11,2015,3.6,WDI Data
21,12,2017,74.4,WDI Data
22,1,2017,99.5,WDI Data
22,2,2017,97.1,WDI Data
22,3,2017,100.0,WDI Data
22,4,2015,9.2,WDI Data
22,5,2015,2.5,WDI Data
22,7,2016,12.8,WDI Data
22,8,2017,12.0,WDI Data
22,9,2014,8.3,WDI Data
22,10,2018,24.6,WDI Data
22,11,2015,2.0,WDI Data
22,12,2017,87.7,WDI Data
23,3,2017,98.3,WDI Data
23,4,2015,35.0,WDI Data
23,6,2014,10.8,WDI Data
23,7,2016,23.1,WDI Data
23,8,2017,-0.9,WDI Data
23,9,2014,1.4,WDI Data
23,10,2018,20.6,WDI Data
23,11,2015,33.1,WDI Data
23,12,2017,47.1,WDI Data
24,3,2017,43.1,WDI Data
24,4,2015,50.9,WDI Data
24,6,2014,61.5,WDI Data
24,7,2016,38.4,WDI Data
24,8,2017,-3.4,WDI Data
24,9,2014,0.6,WDI Data
24,10,2018,23.5,WDI Data
24,11,2015,1.1,WDI Data
24,12,2017,20.0,WDI Data
25,3,2017,100.0,WDI Data
25,4,2015,2.4,WDI Data
25,5,2015,0.2,WDI Data
25,7,2016,11.7,WDI Data
25,9,2014,8.8,WDI Data
25,10,2018,0.0,WDI Data
25,11,2015,6.5,WDI Data
25,12,2017,98.4,WDI Data
26,1,2017,36.2,WDI Data
26,3,2017,97.7,WDI Data
26,4,2015,86.9,WDI Data
26,7,2016,37.2,WDI Data
26,8,2017,23.3,WDI Data
26,9,2014,1.4,WDI Data
26,10,2018,48.0,WDI Data
26,11,2015,1.5,WDI Data
26,12,2017,48.1,WDI Data
27,2,2017,22.9,WDI Data
27,3,2017,91.8,WDI Data
27,4,2015,17.5,WDI Data
27,6,2014,43.5,WDI Data
27,7,2016,21.4,WDI Data
27,8,2017,0.8,WDI Data
27,9,2014,1.9,WDI Data
27,10,2018,30.9,WDI Data
27,11,2015,6.3,WDI Data
27,12,2017,43.8,WDI Data
29,1,2017,88.8,WDI Data
29,2,2017,21.6,WDI Data
29,3,2017,100.0,WDI Data
29,4,2015,40.8,WDI Data
29,5,2015,0.2,WDI Data
29,7,2016,27.6,WDI Data
29,9,2014,6.4,WDI Data
29,10,2018,1.4,WDI Data
29,11,2015,1.6,WDI Data
29,12,2017,64.9,WDI Data
30,3,2017,62.8,WDI Data
30,4,2015,28.9,WDI Data
30,5,2015,0.5,WDI Data
30,7,2016,23.6,WDI Data
30,8,2017,26.6,WDI Data
30,9,2014,3.4,WDI Data
30,10,2018,29.1,WDI Data
30,12,2017,47.0,WDI Data
32,2,2017,49.3,WDI Data
32,3,2017,100.0,WDI Data
32,4,2015,43.8,WDI Data
32,5,2015,1.3,WDI Data
32,6,2014,22.3,WDI Data
32,7,2016,12.7,WDI Data
32,8,2017,6.1,WDI Data
32,9,2014,2.6,WDI Data
32,10,2018,28.6,WDI Data
32,11,2015,28.4,WDI Data
32,12,2017,67.5,WDI Data
34,3,2017,100.0,WDI Data
34,4,2015,0.0,WDI Data
34,7,2016,5.9,WDI Data
34,8,2017,34.6,WDI Data
34,9,2014,22.2,WDI Data
34,10,2018,9.0,WDI Data
34,11,2015,0.5,WDI Data
34,12,2017,94.9,WDI Data
35,1,2017,96.9,WDI Data
35,2,2017,64.4,WDI Data
35,3,2017,100.0,WDI Data
35,4,2015,17.7,WDI Data
35,5,2015,1.0,WDI Data
35,7,2016,19.3,WDI Data
35,8,2017,14.8,WDI Data
35,9,2014,5.9,WDI Data
35,10,2018,28.3,WDI Data
35,11,2015,1.8,WDI Data
35,12,2017,63.4,WDI Data
36,3,2017,25.5,WDI Data
36,4,2015,74.2,WDI Data
36,5,2015,0.7,WDI Data
36,6,2014,65.8,WDI Data
36,7,2016,41.5,WDI Data
36,8,2017,-9.0,WDI Data
36,9,2014,0.2,WDI Data
36,10,2018,14.9,WDI Data
36,11,2015,0.6,WDI Data
36,12,2017,16.0,WDI Data
37,3,2017,9.3,WDI Data
37,4,2015,95.7,WDI Data
37,6,2014,57.9,WDI Data
37,7,2016,38.7,WDI Data
37,8,2017,-19.0,WDI Data
37,9,2014,0.0,WDI Data
37,10,2018,7.6,WDI Data
37,11,2015,4.5,WDI Data
37,12,2017,2.7,WDI Data
38,3,2017,92.9,WDI Data
38,4,2015,26.6,WDI Data
38,7,2016,33.4,WDI Data
38,8,2017,11.7,WDI Data
38,9,2014,0.9,WDI Data
38,10,2018,0.0,WDI Data
38,11,2015,8.6,WDI Data
38,12,2017,57.2,WDI Data
39,1,2017,25.8,WDI Data
39,3,2017,89.1,WDI Data
39,4,2015,64.9,WDI Data
39,5,2015,0.1,WDI Data
39,6,2014,55.1,WDI Data
39,7,2016,25.2,WDI Data
39,8,2017,13.1,WDI Data
39,9,2014,0.4,WDI Data
39,10,2018,20.6,WDI Data
39,12,2017,32.4,WDI Data
40,3,2017,61.4,WDI Data
40,4,2015,76.5,WDI Data
40,6,2014,37.8,WDI Data
40,7,2016,73.2,WDI Data
40,8,2017,4.5,WDI Data
40,9,2014,0.3,WDI Data
40,10,2018,10.4,WDI Data
40,11,2015,1.2,WDI Data
40,12,2017,23.2,WDI Data
41,1,2017,98.9,WDI Data
41,2,2017,82.3,WDI Data
41,3,2017,100.0,WDI Data
41,4,2015,22.0,WDI Data
41,5,2015,1.7,WDI Data
41,7,2016,6.5,WDI Data
41,8,2017,6.5,WDI Data
41,9,2014,15.2,WDI Data
41,10,2018,6.5,WDI Data
41,11,2015,1.7,WDI Data
41,12,2017,91.0,WDI Data
42,3,2017,100.0,WDI Data
42,4,2015,0.0,WDI Data
42,9,2014,8.9,WDI Data
42,10,2018,0.1,WDI Data
42,11,2015,8.4,WDI Data
42,12,2017,81.1,WDI Data
43,3,2017,30.0,WDI Data
43,4,2015,76.6,WDI Data
43,6,2014,93.3,WDI Data
43,7,2016,57.0,WDI Data
43,9,2014,0.1,WDI Data
43,10,2018,18.1,WDI Data
43,11,2015,19.8,WDI Data
43,12,2017,4.3,WDI Data
44,3,2017,10.9,WDI Data
44,4,2015,89.4,WDI Data
44,5,2015,0.3,WDI Data
44,6,2014,88.2,WDI Data
44,7,2016,64.8,WDI Data
44,9,2014,0.1,WDI Data
44,10,2018,20.4,WDI Data
44,12,2017,6.5,WDI Data
45,1,2017,98.6,WDI Data
45,2,2017,77.5,WDI Data
45,3,2017,100.0,WDI Data
45,4,2015,24.9,WDI Data
45,5,2015,0.4,WDI Data
45,7,2016,20.9,WDI Data
45,8,2017,3.6,WDI Data
45,9,2014,4.6,WDI Data
45,10,2018,27.0,WDI Data
45,11,2015,3.4,WDI Data
45,12,2017,82.3,WDI Data
46,2,2017,72.1,WDI Data
46,3,2017,100.0,WDI Data
46,4,2015,12.4,WDI Data
46,5,2015,2.1,WDI Data
46,6,2014,25.2,WDI Data
46,7,2016,52.2,WDI Data
46,8,2017,20.1,WDI Data
46,9,2014,7.5,WDI Data
46,10,2018,14.6,WDI Data
46,11,2015,0.7,WDI Data
46,12,2017,54.3,WDI Data
101,1,2017,100.0,WDI Data
101,2,2017,91.8,WDI Data
101,3,2017,100.0,WDI Data
101,4,2015,0.9,WDI Data
101,5,2015,0.8,WDI Data
101,9,2014,6.4,WDI Data
101,10,2018,48.9,WDI Data
101,11,2015,0.3,WDI Data
101,12,2017,89.4,WDI Data
132,1,2017,100.0,WDI Data
132,3,2017,100.0,WDI Data
132,4,2015,7.1,WDI Data
132,5,2015,0.1,WDI Data
132,9,2014,2.2,WDI Data
132,11,2015,0.2,WDI Data
132,12,2017,83.2,WDI Data
49,1,2017,73.2,WDI Data
49,2,2017,17.0,WDI Data
49,3,2017,99.6,WDI Data
49,4,2015,23.6,WDI Data
49,5,2015,0.3,WDI Data
49,6,2014,13.1,WDI Data
49,7,2016,16.6,WDI Data
49,8,2017,2.8,WDI Data
49,9,2014,1.8,WDI Data
49,10,2018,15.7,WDI Data
49,11,2015,26.5,WDI Data
49,12,2017,62.3,WDI Data
50,3,2017,79.9,WDI Data
50,4,2015,45.3,WDI Data
50,6,2014,69.6,WDI Data
50,7,2016,20.5,WDI Data
50,9,2014,0.2,WDI Data
50,10,2018,0.1,WDI Data
50,12,2017,8.5,WDI Data
52,3,2017,19.1,WDI Data
52,4,2015,95.8,WDI Data
52,5,2015,0.4,WDI Data
52,6,2014,74.8,WDI Data
52,7,2016,45.5,WDI Data
52,8,2017,-4.4,WDI Data
52,9,2014,0.1,WDI Data
52,10,2018,13.8,WDI Data
52,12,2017,8.6,WDI Data
51,1,2017,45.4,WDI Data
51,3,2017,66.2,WDI Data
51,4,2015,62.4,WDI Data
51,6,2014,46.9,WDI Data
51,7,2016,45.7,WDI Data
51,8,2017,-40.4,WDI Data
51,9,2014,0.7,WDI Data
51,10,2018,36.8,WDI Data
51,12,2017,8.7,WDI Data
54,1,2017,93.8,WDI Data
54,3,2017,99.6,WDI Data
54,4,2015,38.7,WDI Data
54,5,2015,0.4,WDI Data
54,6,2014,5.5,WDI Data
54,7,2016,15.7,WDI Data
54,8,2017,15.9,WDI Data
54,9,2014,1.6,WDI Data
54,10,2018,3.0,WDI Data
54,11,2015,11.6,WDI Data
54,12,2017,71.4,WDI Data
55,1,2017,36.5,WDI Data
55,3,2017,65.6,WDI Data
55,4,2015,64.5,WDI Data
55,5,2015,0.1,WDI Data
55,6,2014,56.0,WDI Data
55,7,2016,26.7,WDI Data
55,8,2017,16.6,WDI Data
55,9,2014,0.5,WDI Data
55,10,2018,14.9,WDI Data
55,12,2017,43.8,WDI Data
56,1,2017,90.0,WDI Data
56,2,2017,58.5,WDI Data
56,3,2017,100.0,WDI Data
56,4,2015,33.1,WDI Data
56,5,2015,0.8,WDI Data
56,7,2016,17.8,WDI Data
56,8,2017,10.8,WDI Data
56,9,2014,4.0,WDI Data
56,10,2018,23.6,WDI Data
56,11,2015,0.9,WDI Data
56,12,2017,67.1,WDI Data
57,2,2017,44.3,WDI Data
57,3,2017,100.0,WDI Data
57,4,2015,19.3,WDI Data
57,5,2015,0.4,WDI Data
57,7,2016,19.7,WDI Data
57,9,2014,3.1,WDI Data
57,10,2018,7.2,WDI Data
57,11,2015,5.4,WDI Data
57,12,2017,57.1,WDI Data
58,3,2017,100.0,WDI Data
58,4,2015,0.3,WDI Data
58,9,2014,37.7,WDI Data
58,10,2018,0.3,WDI Data
58,12,2017,68.1,WDI Data
59,1,2017,99.6,WDI Data
59,2,2017,75.5,WDI Data
59,3,2017,100.0,WDI Data
59,4,2015,9.9,WDI Data
59,5,2015,0.5,WDI Data
59,7,2016,17.0,WDI Data
59,8,2017,3.2,WDI Data
59,9,2014,5.3,WDI Data
59,10,2018,1.7,WDI Data
59,11,2015,1.3,WDI Data
59,12,2017,80.7,WDI Data
60,1,2017,97.9,WDI Data
60,2,2017,94.5,WDI Data
60,3,2017,100.0,WDI Data
60,4,2015,14.8,WDI Data
60,5,2015,1.9,WDI Data
60,7,2016,16.1,WDI Data
60,8,2017,10.3,WDI Data
60,9,2014,9.2,WDI Data
60,10,2018,22.2,WDI Data
60,11,2015,0.8,WDI Data
60,12,2017,78.7,WDI Data
61,1,2017,96.7,WDI Data
61,2,2017,94.8,WDI Data
61,3,2017,100.0,WDI Data
61,4,2015,33.2,WDI Data
61,5,2015,3.1,WDI Data
61,7,2016,10.1,WDI Data
61,8,2017,18.3,WDI Data
61,9,2014,5.9,WDI Data
61,10,2018,17.9,WDI Data
61,11,2015,1.1,WDI Data
61,12,2017,97.1,WDI Data
62,2,2017,36.4,WDI Data
62,3,2017,60.2,WDI Data
62,4,2015,15.4,WDI Data
62,6,2014,65.6,WDI Data
62,7,2016,45.9,WDI Data
62,8,2017,-1.8,WDI Data
62,9,2014,0.8,WDI Data
62,10,2018,1.2,WDI Data
62,12,2017,55.7,WDI Data
63,3,2017,100.0,WDI Data
63,4,2015,7.8,WDI Data
63,7,2016,20.0,WDI Data
63,9,2014,1.9,WDI Data
63,10,2018,0.7,WDI Data
63,11,2015,12.3,WDI Data
63,12,2017,69.6,WDI Data
64,3,2017,100.0,WDI Data
64,4,2015,16.5,WDI Data
64,6,2014,12.1,WDI Data
64,7,2016,13.7,WDI Data
64,8,2017,17.3,WDI Data
64,9,2014,2.1,WDI Data
64,10,2018,19.2,WDI Data
64,11,2015,15.2,WDI Data
64,12,2017,67.6,WDI Data
65,1,2017,75.1,WDI Data
65,2,2017,42.0,WDI Data
65,3,2017,100.0,WDI Data
65,4,2015,13.8,WDI Data
65,5,2015,0.4,WDI Data
65,6,2014,36.0,WDI Data
65,7,2016,15.0,WDI Data
65,8,2017,11.4,WDI Data
65,9,2014,2.8,WDI Data
65,10,2018,15.0,WDI Data
65,11,2015,6.5,WDI Data
65,12,2017,57.3,WDI Data
66,2,2017,60.7,WDI Data
66,3,2017,100.0,WDI Data
66,4,2015,5.7,WDI Data
66,5,2015,0.7,WDI Data
66,6,2014,10.6,WDI Data
66,7,2016,88.1,WDI Data
66,8,2017,1.2,WDI Data
66,9,2014,2.2,WDI Data
66,10,2018,11.6,WDI Data
66,11,2015,2.5,WDI Data
66,12,2017,45.0,WDI Data
67,3,2017,99.5,WDI Data
67,4,2015,24.4,WDI Data
67,5,2015,0.1,WDI Data
67,7,2016,24.7,WDI Data
67,8,2017,6.4,WDI Data
67,9,2014,1.0,WDI Data
67,10,2018,2.2,WDI Data
67,11,2015,105.4,WDI Data
67,12,2017,33.8,WDI Data
68,3,2017,67.2,WDI Data
68,4,2015,7.8,WDI Data
68,6,2014,66.2,WDI Data
68,7,2016,54.5,WDI Data
68,9,2014,4.8,WDI Data
68,10,2018,1.8,WDI Data
68,12,2017,26.2,WDI Data
69,3,2017,48.4,WDI Data
69,4,2015,79.8,WDI Data
69,7,2016,48.7,WDI Data
69,9,2014,0.2,WDI Data
69,10,2018,3.0,WDI Data
69,12,2017,1.3,WDI Data
70,1,2017,93.3,WDI Data
70,2,2017,97.4,WDI Data
70,3,2017,100.0,WDI Data
70,4,2015,27.5,WDI Data
70,5,2015,1.5,WDI Data
70,7,2016,6.8,WDI Data
70,8,2017,15.2,WDI Data
70,9,2014,14.8,WDI Data
70,10,2018,19.5,WDI Data
70,11,2015,3.4,WDI Data
70,12,2017,88.1,WDI Data
71,3,2017,73.5,WDI Data
71,4,2015,66.1,WDI Data
71,5,2015,0.3,WDI Data
71,6,2014,32.7,WDI Data
71,7,2016,17.1,WDI Data
71,8,2017,0.8,WDI Data
71,9,2014,1.1,WDI Data
71,10,2018,4.2,WDI Data
71,11,2015,8.5,WDI Data
71,12,2017,47.0,WDI Data
72,1,2017,11.4,WDI Data
72,3,2017,44.3,WDI Data
72,4,2015,92.2,WDI Data
72,5,2015,0.3,WDI Data
72,6,2014,73.9,WDI Data
72,7,2016,39.2,WDI Data
72,8,2017,9.3,WDI Data
72,9,2014,0.1,WDI Data
72,10,2018,18.5,WDI Data
72,12,2017,18.6,WDI Data
74,3,2017,100.0,WDI Data
74,4,2015,7.5,WDI Data
74,9,2014,12.5,WDI Data
74,10,2018,0.0,WDI Data
74,12,2017,97.6,WDI Data
75,3,2017,96.0,WDI Data
75,4,2015,31.3,WDI Data
75,7,2016,11.1,WDI Data
75,8,2017,8.1,WDI Data
75,9,2014,1.4,WDI Data
75,10,2018,1.0,WDI Data
75,11,2015,2.3,WDI Data
75,12,2017,50.0,WDI Data
76,1,2017,99.6,WDI Data
76,2,2017,99.2,WDI Data
76,3,2017,100.0,WDI Data
76,4,2015,43.2,WDI Data
76,5,2015,2.9,WDI Data
76,7,2016,5.9,WDI Data
76,8,2017,10.2,WDI Data
76,9,2014,8.7,WDI Data
76,10,2018,14.2,WDI Data
76,11,2015,1.5,WDI Data
76,12,2017,87.5,WDI Data
77,1,2017,97.9,WDI Data
77,2,2017,88.4,WDI Data
77,3,2017,100.0,WDI Data
77,4,2015,13.5,WDI Data
77,5,2015,2.3,WDI Data
77,7,2016,11.9,WDI Data
77,8,2017,9.3,WDI Data
77,9,2014,4.6,WDI Data
77,10,2018,33.2,WDI Data
77,11,2015,1.6,WDI Data
77,12,2017,80.5,WDI Data
79,3,2017,100.0,WDI Data
79,4,2015,9.8,WDI Data
79,9,2014,3.0,WDI Data
79,10,2018,0.0,WDI Data
79,12,2017,72.7,WDI Data
81,3,2017,92.2,WDI Data
81,4,2015,82.0,WDI Data
81,6,2014,37.0,WDI Data
81,7,2016,43.7,WDI Data
81,9,2014,2.8,WDI Data
81,10,2018,25.1,WDI Data
81,12,2017,62.0,WDI Data
82,3,2017,56.2,WDI Data
82,4,2015,51.5,WDI Data
82,6,2014,34.8,WDI Data
82,7,2016,32.6,WDI Data
82,9,2014,0.3,WDI Data
82,10,2018,1.4,WDI Data
82,12,2017,19.8,WDI Data
83,1,2017,80.0,WDI Data
83,2,2017,27.2,WDI Data
83,3,2017,100.0,WDI Data
83,4,2015,28.7,WDI Data
83,5,2015,0.3,WDI Data
83,7,2016,21.8,WDI Data
83,8,2017,12.5,WDI Data
83,9,2014,2.4,WDI Data
83,10,2018,6.4,WDI Data
83,11,2015,1.0,WDI Data
83,12,2017,59.7,WDI Data
84,1,2017,99.8,WDI Data
84,2,2017,97.2,WDI Data
84,3,2017,100.0,WDI Data
84,4,2015,14.2,WDI Data
84,5,2015,2.9,WDI Data
84,7,2016,11.9,WDI Data
84,8,2017,14.1,WDI Data
84,9,2014,8.9,WDI Data
84,10,2018,38.8,WDI Data
84,11,2015,0.8,WDI Data
84,12,2017,84.4,WDI Data
85,1,2017,36.4,WDI Data
85,3,2017,79.0,WDI Data
85,4,2015,41.4,WDI Data
85,6,2014,37.9,WDI Data
85,7,2016,36.3,WDI Data
85,8,2017,-8.4,WDI Data
85,9,2014,0.5,WDI Data
85,10,2018,7.8,WDI Data
85,11,2015,1.9,WDI Data
85,12,2017,39.0,WDI Data
87,1,2017,100.0,WDI Data
87,2,2017,90.4,WDI Data
87,3,2017,100.0,WDI Data
87,4,2015,17.2,WDI Data
87,5,2015,1.0,WDI Data
87,7,2016,16.3,WDI Data
87,8,2017,-3.1,WDI Data
87,9,2014,6.2,WDI Data
87,10,2018,11.0,WDI Data
87,11,2015,0.8,WDI Data
87,12,2017,70.5,WDI Data
88,1,2017,96.7,WDI Data
88,2,2017,94.8,WDI Data
88,3,2017,100.0,WDI Data
88,4,2015,15.5,WDI Data
88,7,2016,11.6,WDI Data
88,9,2014,9.0,WDI Data
88,10,2018,22.4,WDI Data
88,11,2015,7.1,WDI Data
88,12,2017,69.5,WDI Data
89,1,2017,87.1,WDI Data
89,3,2017,94.7,WDI Data
89,4,2015,10.9,WDI Data
89,7,2016,22.9,WDI Data
89,9,2014,2.2,WDI Data
89,10,2018,0.2,WDI Data
89,11,2015,5.6,WDI Data
89,12,2017,59.1,WDI Data
91,1,2017,99.5,WDI Data
91,3,2017,100.0,WDI Data
91,4,2015,0.0,WDI Data
91,7,2016,11.7,WDI Data
91,10,2018,0.1,WDI Data
91,12,2017,80.5,WDI Data
92,1,2017,56.0,WDI Data
92,3,2017,93.3,WDI Data
92,4,2015,63.7,WDI Data
92,5,2015,0.0,WDI Data
92,6,2014,34.5,WDI Data
92,7,2016,23.8,WDI Data
92,8,2017,1.9,WDI Data
92,9,2014,1.2,WDI Data
92,10,2018,10.1,WDI Data
92,11,2015,29.4,WDI Data
92,12,2017,65.0,WDI Data
94,3,2017,35.4,WDI Data
94,4,2015,76.3,WDI Data
94,6,2014,43.3,WDI Data
94,7,2016,24.8,WDI Data
94,8,2017,-6.5,WDI Data
94,9,2014,0.2,WDI Data
94,10,2018,24.8,WDI Data
94,12,2017,18.0,WDI Data
95,3,2017,26.0,WDI Data
95,4,2015,86.9,WDI Data
95,6,2014,82.3,WDI Data
95,7,2016,29.6,WDI Data
95,8,2017,-11.0,WDI Data
95,9,2014,0.2,WDI Data
95,10,2018,11.6,WDI Data
95,11,2015,2.7,WDI Data
95,12,2017,3.9,WDI Data
96,3,2017,90.9,WDI Data
96,4,2015,25.3,WDI Data
96,6,2014,33.1,WDI Data
96,7,2016,22.4,WDI Data
96,8,2017,14.1,WDI Data
96,9,2014,2.6,WDI Data
96,10,2018,5.3,WDI Data
96,11,2015,19.4,WDI Data
96,12,2017,37.3,WDI Data
97,3,2017,43.8,WDI Data
97,4,2015,76.1,WDI Data
97,6,2014,74.4,WDI Data
97,7,2016,15.1,WDI Data
97,8,2017,17.6,WDI Data
97,9,2014,0.3,WDI Data
97,10,2018,0.4,WDI Data
97,11,2015,10.0,WDI Data
97,12,2017,12.3,WDI Data
100,3,2017,86.5,WDI Data
100,4,2015,51.5,WDI Data
100,5,2015,0.0,WDI Data
100,6,2014,27.5,WDI Data
100,7,2016,21.1,WDI Data
100,8,2017,19.5,WDI Data
100,9,2014,1.1,WDI Data
100,10,2018,10.9,WDI Data
100,11,2015,57.5,WDI Data
100,12,2017,31.7,WDI Data
102,1,2017,89.6,WDI Data
102,2,2017,95.7,WDI Data
102,3,2017,100.0,WDI Data
102,4,2015,15.6,WDI Data
102,5,2015,1.4,WDI Data
102,7,2016,15.9,WDI Data
102,8,2017,13.2,WDI Data
102,9,2014,4.3,WDI Data
102,10,2018,22.6,WDI Data
102,11,2015,2.3,WDI Data
102,12,2017,76.8,WDI Data
103,1,2017,100.0,WDI Data
103,2,2017,81.8,WDI Data
103,3,2017,100.0,WDI Data
103,4,2015,77.0,WDI Data
103,5,2015,2.1,WDI Data
103,7,2016,6.6,WDI Data
103,8,2017,16.6,WDI Data
103,9,2014,6.1,WDI Data
103,10,2018,2.5,WDI Data
103,11,2015,0.9,WDI Data
103,12,2017,98.3,WDI Data
104,3,2017,92.6,WDI Data
104,4,2015,36.0,WDI Data
104,5,2015,0.6,WDI Data
104,6,2014,24.0,WDI Data
104,7,2016,89.7,WDI Data
104,8,2017,16.3,WDI Data
104,9,2014,1.7,WDI Data
104,10,2018,3.5,WDI Data
104,11,2015,3.4,WDI Data
104,12,2017,34.5,WDI Data
105,3,2017,98.1,WDI Data
105,4,2015,36.9,WDI Data
105,5,2015,0.2,WDI Data
105,6,2014,21.8,WDI Data
105,7,2016,16.4,WDI Data
105,8,2017,12.0,WDI Data
105,9,2014,1.8,WDI Data
105,10,2018,5.3,WDI Data
105,11,2015,0.6,WDI Data
105,12,2017,32.3,WDI Data
106,1,2017,91.8,WDI Data
106,3,2017,100.0,WDI Data
106,4,2015,0.9,WDI Data
106,5,2015,0.4,WDI Data
106,7,2016,38.8,WDI Data
106,9,2014,8.4,WDI Data
106,10,2018,7.7,WDI Data
106,11,2015,2.5,WDI Data
106,12,2017,64.0,WDI Data
107,1,2017,58.8,WDI Data
107,2,2017,41.1,WDI Data
107,3,2017,100.0,WDI Data
107,4,2015,0.8,WDI Data
107,5,2015,0.0,WDI Data
107,6,2014,47.2,WDI Data
107,7,2016,64.0,WDI Data
107,8,2017,-7.0,WDI Data
107,9,2014,4.9,WDI Data
107,10,2018,1.5,WDI Data
107,11,2015,9.9,WDI Data
107,12,2017,49.4,WDI Data
108,1,2017,97.3,WDI Data
108,2,2017,82.4,WDI Data
108,3,2017,100.0,WDI Data
108,4,2015,9.1,WDI Data
108,5,2015,1.2,WDI Data
108,7,2016,8.3,WDI Data
108,8,2017,16.0,WDI Data
108,9,2014,7.3,WDI Data
108,10,2018,4.0,WDI Data
108,11,2015,0.7,WDI Data
108,12,2017,84.1,WDI Data
109,1,2017,97.2,WDI Data
109,3,2017,100.0,WDI Data
109,4,2015,4.2,WDI Data
109,10,2018,4.2,WDI Data
109,11,2015,1.2,WDI Data
110,1,2017,99.4,WDI Data
110,2,2017,93.7,WDI Data
110,3,2017,100.0,WDI Data
110,4,2015,3.7,WDI Data
110,5,2015,4.3,WDI Data
110,7,2016,20.8,WDI Data
110,8,2017,15.6,WDI Data
110,9,2014,7.9,WDI Data
110,10,2018,8.6,WDI Data
110,11,2015,1.4,WDI Data
110,12,2017,81.6,WDI Data
111,1,2017,95.0,WDI Data
111,2,2017,96.2,WDI Data
111,3,2017,100.0,WDI Data
111,4,2015,16.5,WDI Data
111,5,2015,1.3,WDI Data
111,7,2016,16.5,WDI Data
111,8,2017,6.0,WDI Data
111,9,2014,5.3,WDI Data
111,10,2018,13.4,WDI Data
111,11,2015,0.8,WDI Data
111,12,2017,63.1,WDI Data
112,3,2017,99.5,WDI Data
112,4,2015,16.8,WDI Data
112,7,2016,13.4,WDI Data
112,8,2017,15.9,WDI Data
112,9,2014,2.6,WDI Data
112,10,2018,1.4,WDI Data
112,11,2015,42.1,WDI Data
112,12,2017,55.1,WDI Data
113,1,2017,98.5,WDI Data
113,2,2017,98.8,WDI Data
113,3,2017,100.0,WDI Data
113,4,2015,6.3,WDI Data
113,5,2015,3.3,WDI Data
113,7,2016,11.6,WDI Data
113,8,2017,7.3,WDI Data
113,9,2014,9.5,WDI Data
113,10,2018,10.0,WDI Data
113,11,2015,0.3,WDI Data
113,12,2017,84.6,WDI Data
115,1,2017,93.8,WDI Data
115,2,2017,80.6,WDI Data
115,3,2017,100.0,WDI Data
115,4,2015,3.2,WDI Data
115,5,2015,0.7,WDI Data
115,6,2014,12.9,WDI Data
115,7,2016,33.2,WDI Data
115,8,2017,4.4,WDI Data
115,9,2014,3.0,WDI Data
115,10,2018,1.8,WDI Data
115,11,2015,1.6,WDI Data
115,12,2017,66.8,WDI Data
116,1,2017,89.5,WDI Data
116,3,2017,100.0,WDI Data
116,4,2015,1.6,WDI Data
116,5,2015,0.2,WDI Data
116,7,2016,13.1,WDI Data
116,8,2017,5.8,WDI Data
116,9,2014,14.4,WDI Data
116,10,2018,3.2,WDI Data
116,11,2015,4.8,WDI Data
116,12,2017,76.4,WDI Data
117,3,2017,63.8,WDI Data
117,4,2015,72.7,WDI Data
117,6,2014,56.0,WDI Data
117,7,2016,28.6,WDI Data
117,8,2017,-2.2,WDI Data
117,9,2014,0.3,WDI Data
117,10,2018,10.5,WDI Data
117,11,2015,4.8,WDI Data
117,12,2017,17.8,WDI Data
118,3,2017,98.6,WDI Data
118,4,2015,4.3,WDI Data
118,7,2016,10.5,WDI Data
118,9,2014,0.6,WDI Data
118,10,2018,11.8,WDI Data
118,11,2015,7.5,WDI Data
118,12,2017,14.6,WDI Data
119,1,2017,98.2,WDI Data
119,2,2017,99.9,WDI Data
119,3,2017,100.0,WDI Data
119,4,2015,2.7,WDI Data
119,5,2015,4.2,WDI Data
119,7,2016,25.1,WDI Data
119,8,2017,20.1,WDI Data
119,9,2014,11.6,WDI Data
119,10,2018,4.0,WDI Data
119,11,2015,0.7,WDI Data
119,12,2017,95.1,WDI Data
121,1,2017,100.0,WDI Data
121,2,2017,100.0,WDI Data
121,3,2017,100.0,WDI Data
121,4,2015,0.0,WDI Data
121,5,2015,0.1,WDI Data
121,7,2016,60.8,WDI Data
121,8,2017,14.6,WDI Data
121,9,2014,25.8,WDI Data
121,10,2018,11.0,WDI Data
121,11,2015,1.8,WDI Data
121,12,2017,100.0,WDI Data
122,1,2017,68.2,WDI Data
122,3,2017,100.0,WDI Data
122,4,2015,23.3,WDI Data
122,5,2015,0.1,WDI Data
122,7,2016,23.2,WDI Data
122,8,2017,12.9,WDI Data
122,9,2014,1.6,WDI Data
122,10,2018,6.7,WDI Data
122,11,2015,5.2,WDI Data
122,12,2017,38.0,WDI Data
123,1,2017,16.1,WDI Data
123,2,2017,58.1,WDI Data
123,3,2017,93.6,WDI Data
123,4,2015,59.3,WDI Data
123,6,2014,31.4,WDI Data
123,7,2016,25.8,WDI Data
123,8,2017,-1.2,WDI Data
123,9,2014,0.3,WDI Data
123,10,2018,16.7,WDI Data
123,12,2017,25.5,WDI Data
124,1,2017,95.2,WDI Data
124,2,2017,85.8,WDI Data
124,3,2017,100.0,WDI Data
124,4,2015,38.1,WDI Data
124,5,2015,0.6,WDI Data
124,7,2016,13.4,WDI Data
124,8,2017,6.0,WDI Data
124,9,2014,3.5,WDI Data
124,10,2018,17.5,WDI Data
124,11,2015,3.4,WDI Data
124,12,2017,80.1,WDI Data
125,1,2017,47.7,WDI Data
125,2,2017,21.8,WDI Data
125,3,2017,100.0,WDI Data
125,4,2015,3.6,WDI Data
125,7,2016,30.2,WDI Data
125,8,2017,-16.9,WDI Data
125,9,2014,3.8,WDI Data
125,10,2018,1.0,WDI Data
125,11,2015,3.9,WDI Data
125,12,2017,78.2,WDI Data
126,3,2017,33.7,WDI Data
126,4,2015,52.1,WDI Data
126,5,2015,0.0,WDI Data
126,6,2014,50.8,WDI Data
126,7,2016,28.3,WDI Data
126,8,2017,8.2,WDI Data
126,9,2014,1.2,WDI Data
126,10,2018,0.3,WDI Data
126,11,2015,41.2,WDI Data
126,12,2017,29.0,WDI Data
127,3,2017,21.5,WDI Data
127,4,2015,83.8,WDI Data
127,6,2014,65.7,WDI Data
127,7,2016,17.9,WDI Data
127,8,2017,-99.0,WDI Data
127,9,2014,0.2,WDI Data
127,10,2018,1.2,WDI Data
127,11,2015,3.2,WDI Data
127,12,2017,8.0,WDI Data
128,2,2017,26.1,WDI Data
128,3,2017,70.1,WDI Data
128,4,2015,2.0,WDI Data
128,7,2016,52.1,WDI Data
128,9,2014,9.0,WDI Data
128,10,2018,0.3,WDI Data
128,12,2017,21.8,WDI Data
129,1,2017,100.0,WDI Data
129,2,2017,99.7,WDI Data
129,3,2017,100.0,WDI Data
129,4,2015,63.1,WDI Data
129,9,2014,1.2,WDI Data
129,10,2018,11.9,WDI Data
129,11,2015,0.0,WDI Data
129,12,2017,98.1,WDI Data
130,1,2017,92.0,WDI Data
130,2,2017,91.3,WDI Data
130,3,2017,100.0,WDI Data
130,4,2015,29.0,WDI Data
130,5,2015,1.0,WDI Data
130,7,2016,11.8,WDI Data
130,9,2014,4.4,WDI Data
130,10,2018,17.8,WDI Data
130,11,2015,5.9,WDI Data
130,12,2017,77.6,WDI Data
131,1,2017,99.7,WDI Data
131,2,2017,96.6,WDI Data
131,3,2017,100.0,WDI Data
131,4,2015,9.0,WDI Data
131,5,2015,1.3,WDI Data
131,7,2016,10.3,WDI Data
131,8,2017,20.9,WDI Data
131,9,2014,17.4,WDI Data
131,10,2018,40.9,WDI Data
131,11,2015,0.9,WDI Data
131,12,2017,97.4,WDI Data
165,1,2017,81.0,WDI Data
165,2,2017,16.6,WDI Data
165,3,2017,100.0,WDI Data
165,4,2015,24.2,WDI Data
165,5,2015,0.4,WDI Data
165,7,2016,29.6,WDI Data
165,8,2017,15.4,WDI Data
165,9,2014,3.6,WDI Data
165,10,2018,9.7,WDI Data
165,11,2015,1.2,WDI Data
165,12,2017,74.5,WDI Data
133,3,2017,24.1,WDI Data
133,4,2015,70.2,WDI Data
133,5,2015,0.0,WDI Data
133,6,2014,77.2,WDI Data
133,7,2016,22.9,WDI Data
133,8,2017,7.7,WDI Data
133,9,2014,0.1,WDI Data
133,10,2018,2.3,WDI Data
133,12,2017,9.8,WDI Data
134,3,2017,12.7,WDI Data
134,4,2015,83.6,WDI Data
134,6,2014,66.7,WDI Data
134,7,2016,23.1,WDI Data
134,8,2017,-16.7,WDI Data
134,9,2014,0.1,WDI Data
134,10,2018,22.9,WDI Data
134,11,2015,1.7,WDI Data
134,12,2017,13.8,WDI Data
135,1,2017,93.3,WDI Data
135,2,2017,88.6,WDI Data
135,3,2017,100.0,WDI Data
135,4,2015,5.2,WDI Data
135,5,2015,1.3,WDI Data
135,7,2016,15.8,WDI Data
135,8,2017,10.0,WDI Data
135,9,2014,8.1,WDI Data
135,10,2018,9.0,WDI Data
135,11,2015,2.1,WDI Data
135,12,2017,80.1,WDI Data
136,3,2017,99.8,WDI Data
136,4,2015,1.0,WDI Data
136,7,2016,8.0,WDI Data
136,9,2014,3.1,WDI Data
136,10,2018,0.1,WDI Data
136,11,2015,0.8,WDI Data
136,12,2017,63.2,WDI Data
137,2,2017,18.7,WDI Data
137,3,2017,43.1,WDI Data
137,4,2015,61.5,WDI Data
137,5,2015,0.3,WDI Data
137,6,2014,56.3,WDI Data
137,7,2016,38.5,WDI Data
137,8,2017,-2.3,WDI Data
137,9,2014,0.1,WDI Data
137,10,2018,8.2,WDI Data
137,12,2017,13.0,WDI Data
138,1,2017,100.0,WDI Data
138,2,2017,93.0,WDI Data
138,3,2017,100.0,WDI Data
138,4,2015,5.4,WDI Data
138,5,2015,0.7,WDI Data
138,7,2016,13.8,WDI Data
138,9,2014,5.4,WDI Data
138,10,2018,6.4,WDI Data
138,11,2015,0.9,WDI Data
138,12,2017,81.0,WDI Data
139,3,2017,94.8,WDI Data
139,4,2015,11.2,WDI Data
139,7,2016,10.2,WDI Data
139,9,2014,1.8,WDI Data
139,10,2018,0.3,WDI Data
139,12,2017,38.7,WDI Data
141,3,2017,42.9,WDI Data
141,4,2015,32.2,WDI Data
141,6,2014,79.9,WDI Data
141,7,2016,46.7,WDI Data
141,8,2017,-10.3,WDI Data
141,9,2014,0.7,WDI Data
141,10,2018,1.1,WDI Data
141,12,2017,20.8,WDI Data
142,3,2017,98.0,WDI Data
142,4,2015,11.5,WDI Data
142,5,2015,0.4,WDI Data
142,7,2016,14.3,WDI Data
142,8,2017,-6.4,WDI Data
142,9,2014,3.4,WDI Data
142,10,2018,0.0,WDI Data
142,11,2015,1.7,WDI Data
142,12,2017,55.4,WDI Data
144,1,2017,42.9,WDI Data
144,2,2017,50.4,WDI Data
144,3,2017,100.0,WDI Data
144,4,2015,9.2,WDI Data
144,5,2015,0.5,WDI Data
144,6,2014,11.1,WDI Data
144,7,2016,20.7,WDI Data
144,8,2017,7.5,WDI Data
144,9,2014,4.0,WDI Data
144,10,2018,19.1,WDI Data
144,11,2015,16.5,WDI Data
144,12,2017,63.9,WDI Data
145,3,2017,80.8,WDI Data
145,4,2015,1.2,WDI Data
145,7,2016,11.1,WDI Data
145,9,2014,1.4,WDI Data
145,10,2018,0.0,WDI Data
145,12,2017,35.3,WDI Data
146,1,2017,72.9,WDI Data
146,3,2017,100.0,WDI Data
146,4,2015,14.3,WDI Data
146,5,2015,0.3,WDI Data
146,7,2016,16.4,WDI Data
146,8,2017,14.7,WDI Data
146,9,2014,1.4,WDI Data
146,10,2018,4.2,WDI Data
146,11,2015,3.2,WDI Data
146,12,2017,76.1,WDI Data
147,1,2017,100.0,WDI Data
147,2,2017,100.0,WDI Data
147,3,2017,100.0,WDI Data
147,10,2018,99.5,WDI Data
147,11,2015,0.0,WDI Data
147,12,2017,97.1,WDI Data
148,1,2017,23.7,WDI Data
148,3,2017,85.9,WDI Data
148,4,2015,3.4,WDI Data
148,5,2015,0.2,WDI Data
148,6,2014,42.7,WDI Data
148,7,2016,38.2,WDI Data
148,8,2017,-10.3,WDI Data
148,9,2014,7.1,WDI Data
148,10,2018,17.7,WDI Data
148,11,2015,6.2,WDI Data
148,12,2017,23.7,WDI Data
149,1,2017,93.6,WDI Data
149,3,2017,100.0,WDI Data
149,4,2015,43.0,WDI Data
149,5,2015,0.4,WDI Data
149,7,2016,20.9,WDI Data
149,9,2014,3.6,WDI Data
149,10,2018,4.2,WDI Data
149,11,2015,2.7,WDI Data
149,12,2017,71.3,WDI Data
151,1,2017,70.3,WDI Data
151,2,2017,38.8,WDI Data
151,3,2017,100.0,WDI Data
151,4,2015,11.3,WDI Data
151,6,2014,13.1,WDI Data
151,7,2016,32.9,WDI Data
151,8,2017,20.9,WDI Data
151,9,2014,1.8,WDI Data
151,10,2018,18.4,WDI Data
151,11,2015,1.2,WDI Data
151,12,2017,61.8,WDI Data
152,3,2017,27.4,WDI Data
152,4,2015,86.4,WDI Data
152,5,2015,0.3,WDI Data
152,6,2014,80.3,WDI Data
152,7,2016,21.5,WDI Data
152,8,2017,-13.5,WDI Data
152,9,2014,0.3,WDI Data
152,10,2018,13.4,WDI Data
152,12,2017,10.0,WDI Data
153,3,2017,69.8,WDI Data
153,4,2015,61.5,WDI Data
153,5,2015,0.0,WDI Data
153,6,2014,41.0,WDI Data
153,7,2016,36.0,WDI Data
153,8,2017,23.1,WDI Data
153,9,2014,0.4,WDI Data
153,10,2018,4.6,WDI Data
153,11,2015,2.2,WDI Data
153,12,2017,30.7,WDI Data
154,3,2017,52.5,WDI Data
154,4,2015,26.5,WDI Data
154,5,2015,0.3,WDI Data
154,6,2014,33.2,WDI Data
154,7,2016,25.6,WDI Data
154,8,2017,4.5,WDI Data
154,9,2014,1.7,WDI Data
154,10,2018,23.2,WDI Data
154,11,2015,17.1,WDI Data
154,12,2017,51.0,WDI Data
156,1,2017,27.2,WDI Data
156,3,2017,95.5,WDI Data
156,4,2015,85.3,WDI Data
156,6,2014,54.3,WDI Data
156,7,2016,98.1,WDI Data
156,8,2017,38.1,WDI Data
156,9,2014,0.3,WDI Data
156,10,2018,23.6,WDI Data
156,11,2015,2.2,WDI Data
156,12,2017,34.0,WDI Data
157,1,2017,100.0,WDI Data
157,2,2017,97.5,WDI Data
157,3,2017,100.0,WDI Data
157,4,2015,5.9,WDI Data
157,5,2015,2.0,WDI Data
157,7,2016,12.0,WDI Data
157,8,2017,18.4,WDI Data
157,9,2014,9.9,WDI Data
157,10,2018,21.2,WDI Data
157,11,2015,0.6,WDI Data
157,12,2017,93.2,WDI Data
158,1,2017,96.7,WDI Data
158,3,2017,100.0,WDI Data
158,4,2015,4.8,WDI Data
158,9,2014,16.0,WDI Data
158,10,2018,96.0,WDI Data
158,12,2017,82.0,WDI Data
159,1,2017,100.0,WDI Data
159,2,2017,88.7,WDI Data
159,3,2017,100.0,WDI Data
159,4,2015,30.8,WDI Data
159,5,2015,1.2,WDI Data
159,7,2016,6.0,WDI Data
159,8,2017,13.9,WDI Data
159,9,2014,7.7,WDI Data
159,10,2018,30.5,WDI Data
159,11,2015,1.0,WDI Data
159,12,2017,90.8,WDI Data
160,1,2017,51.6,WDI Data
160,3,2017,86.8,WDI Data
160,4,2015,48.2,WDI Data
160,5,2015,0.1,WDI Data
160,7,2016,17.7,WDI Data
160,8,2017,14.4,WDI Data
160,9,2014,0.8,WDI Data
160,10,2018,15.5,WDI Data
160,11,2015,8.6,WDI Data
160,12,2017,27.9,WDI Data
161,2,2017,9.6,WDI Data
161,3,2017,20.0,WDI Data
161,4,2015,78.9,WDI Data
161,6,2014,70.1,WDI Data
161,7,2016,87.7,WDI Data
161,8,2017,5.0,WDI Data
161,9,2014,0.1,WDI Data
161,10,2018,17.3,WDI Data
161,11,2015,4.4,WDI Data
161,12,2017,10.2,WDI Data
162,1,2017,20.1,WDI Data
162,2,2017,26.7,WDI Data
162,3,2017,54.4,WDI Data
162,4,2015,86.6,WDI Data
162,6,2014,50.2,WDI Data
162,7,2016,71.4,WDI Data
162,8,2017,1.4,WDI Data
162,9,2014,0.5,WDI Data
162,10,2018,11.6,WDI Data
162,12,2017,42.0,WDI Data
166,1,2017,90.2,WDI Data
166,3,2017,100.0,WDI Data
166,4,2015,0.0,WDI Data
166,7,2016,9.9,WDI Data
166,10,2018,33.2,WDI Data
167,1,2017,98.3,WDI Data
167,2,2017,76.3,WDI Data
167,3,2017,100.0,WDI Data
167,4,2015,57.8,WDI Data
167,5,2015,1.9,WDI Data
167,7,2016,7.0,WDI Data
167,8,2017,16.9,WDI Data
167,9,2014,9.3,WDI Data
167,10,2018,5.1,WDI Data
167,11,2015,0.5,WDI Data
167,12,2017,96.4,WDI Data
168,1,2017,90.3,WDI Data
168,3,2017,100.0,WDI Data
168,4,2015,0.0,WDI Data
168,5,2015,0.2,WDI Data
168,7,2016,41.8,WDI Data
168,8,2017,-11.3,WDI Data
168,9,2014,15.2,WDI Data
168,10,2018,1.0,WDI Data
168,11,2015,0.4,WDI Data
168,12,2017,80.2,WDI Data
169,1,2017,35.3,WDI Data
169,3,2017,70.8,WDI Data
169,4,2015,46.5,WDI Data
169,5,2015,0.2,WDI Data
169,6,2014,45.5,WDI Data
169,7,2016,58.6,WDI Data
169,8,2017,12.7,WDI Data
169,9,2014,0.9,WDI Data
169,10,2018,9.8,WDI Data
169,11,2015,5.0,WDI Data
169,12,2017,15.5,WDI Data
170,3,2017,100.0,WDI Data
170,4,2015,0.0,WDI Data
170,9,2014,14.8,WDI Data
170,10,2018,82.9,WDI Data
172,3,2017,100.0,WDI Data
172,4,2015,21.2,WDI Data
172,5,2015,0.1,WDI Data
172,6,2014,25.8,WDI Data
172,7,2016,11.5,WDI Data
172,8,2017,25.3,WDI Data
172,9,2014,2.3,WDI Data
172,10,2018,5.2,WDI Data
172,11,2015,11.9,WDI Data
172,12,2017,57.9,WDI Data
173,3,2017,54.4,WDI Data
173,4,2015,52.5,WDI Data
173,5,2015,0.0,WDI Data
173,7,2016,12.6,WDI Data
173,9,2014,0.8,WDI Data
173,10,2018,0.7,WDI Data
173,12,2017,11.2,WDI Data
174,1,2017,63.9,WDI Data
174,2,2017,58.5,WDI Data
174,3,2017,99.3,WDI Data
174,4,2015,61.7,WDI Data
174,5,2015,0.1,WDI Data
174,7,2016,11.6,WDI Data
174,8,2017,14.5,WDI Data
174,9,2014,0.9,WDI Data
174,10,2018,14.3,WDI Data
174,11,2015,9.3,WDI Data
174,12,2017,61.1,WDI Data
175,1,2017,50.4,WDI Data
175,2,2017,42.8,WDI Data
175,3,2017,96.4,WDI Data
175,4,2015,25.5,WDI Data
175,5,2015,0.1,WDI Data
175,6,2014,34.2,WDI Data
175,7,2016,25.5,WDI Data
175,8,2017,7.1,WDI Data
175,9,2014,2.1,WDI Data
175,10,2018,13.1,WDI Data
175,11,2015,7.2,WDI Data
175,12,2017,48.7,WDI Data
176,1,2017,46.7,WDI Data
176,2,2017,51.6,WDI Data
176,3,2017,93.0,WDI Data
176,4,2015,27.5,WDI Data
176,5,2015,0.2,WDI Data
176,6,2014,38.3,WDI Data
176,7,2016,18.2,WDI Data
176,8,2017,28.5,WDI Data
176,9,2014,1.1,WDI Data
176,10,2018,3.1,WDI Data
176,11,2015,9.5,WDI Data
176,12,2017,60.1,WDI Data
178,1,2017,99.2,WDI Data
178,2,2017,93.3,WDI Data
178,3,2017,100.0,WDI Data
178,4,2015,11.9,WDI Data
178,5,2015,1.0,WDI Data
178,7,2016,21.0,WDI Data
178,8,2017,10.6,WDI Data
178,9,2014,7.5,WDI Data
178,10,2018,38.1,WDI Data
178,11,2015,0.8,WDI Data
178,12,2017,76.0,WDI Data
179,1,2017,95.3,WDI Data
179,2,2017,84.7,WDI Data
179,3,2017,100.0,WDI Data
179,4,2015,27.2,WDI Data
179,5,2015,1.2,WDI Data
179,7,2016,8.1,WDI Data
179,8,2017,3.4,WDI Data
179,9,2014,4.3,WDI Data
179,10,2018,16.9,WDI Data
179,11,2015,1.0,WDI Data
179,12,2017,73.8,WDI Data
180,1,2017,94.1,WDI Data
180,2,2017,32.5,WDI Data
180,3,2017,100.0,WDI Data
180,4,2015,1.8,WDI Data
180,5,2015,0.4,WDI Data
180,7,2016,8.3,WDI Data
180,10,2018,2.0,WDI Data
180,11,2015,16.7,WDI Data
180,12,2017,70.6,WDI Data
181,1,2017,96.2,WDI Data
181,2,2017,96.0,WDI Data
181,3,2017,100.0,WDI Data
181,4,2015,0.0,WDI Data
181,5,2015,0.5,WDI Data
181,7,2016,88.2,WDI Data
181,8,2017,26.8,WDI Data
181,9,2014,43.9,WDI Data
181,10,2018,4.7,WDI Data
181,11,2015,0.4,WDI Data
181,12,2017,97.4,WDI Data
183,1,2017,81.9,WDI Data
183,2,2017,76.5,WDI Data
183,3,2017,100.0,WDI Data
183,4,2015,23.7,WDI Data
183,5,2015,0.5,WDI Data
183,7,2016,14.5,WDI Data
183,8,2017,3.4,WDI Data
183,9,2014,3.5,WDI Data
183,10,2018,24.3,WDI Data
183,11,2015,1.5,WDI Data
183,12,2017,63.7,WDI Data
184,1,2017,76.0,WDI Data
184,2,2017,61.3,WDI Data
184,3,2017,100.0,WDI Data
184,4,2015,3.3,WDI Data
184,5,2015,1.1,WDI Data
184,7,2016,16.2,WDI Data
184,8,2017,8.0,WDI Data
184,9,2014,11.9,WDI Data
184,10,2018,7.6,WDI Data
184,11,2015,11.6,WDI Data
184,12,2017,76.0,WDI Data
185,3,2017,34.1,WDI Data
185,4,2015,86.7,WDI Data
185,5,2015,0.7,WDI Data
185,6,2014,53.2,WDI Data
185,7,2016,42.8,WDI Data
185,8,2017,-4.4,WDI Data
185,9,2014,0.1,WDI Data
185,10,2018,9.1,WDI Data
185,11,2015,2.5,WDI Data
185,12,2017,21.8,WDI Data
193,1,2017,58.8,WDI Data
193,2,2017,48.5,WDI Data
193,3,2017,96.8,WDI Data
193,4,2015,34.3,WDI Data
193,7,2016,11.4,WDI Data
193,9,2014,1.0,WDI Data
193,10,2018,0.2,WDI Data
193,11,2015,3.1,WDI Data
193,12,2017,33.6,WDI Data
194,1,2017,100.0,WDI Data
194,2,2017,77.2,WDI Data
194,3,2017,100.0,WDI Data
194,12,2017,60.2,WDI Data
195,3,2017,72.5,WDI Data
195,4,2015,41.1,WDI Data
195,6,2014,86.6,WDI Data
195,7,2016,28.7,WDI Data
195,9,2014,0.6,WDI Data
195,10,2018,0.2,WDI Data
195,12,2017,29.9,WDI Data
196,2,2017,77.8,WDI Data
196,3,2017,100.0,WDI Data
196,4,2015,0.0,WDI Data
196,5,2015,0.8,WDI Data
196,7,2016,84.5,WDI Data
196,8,2017,13.4,WDI Data
196,9,2014,19.4,WDI Data
196,10,2018,4.5,WDI Data
196,11,2015,1.5,WDI Data
196,12,2017,82.1,WDI Data
197,2,2017,21.5,WDI Data
197,3,2017,61.7,WDI Data
197,4,2015,42.7,WDI Data
197,5,2015,0.6,WDI Data
197,6,2014,39.4,WDI Data
197,7,2016,38.7,WDI Data
197,8,2017,12.3,WDI Data
197,9,2014,0.6,WDI Data
197,10,2018,14.6,WDI Data
197,12,2017,46.0,WDI Data
198,1,2017,74.7,WDI Data
198,2,2017,24.7,WDI Data
198,3,2017,100.0,WDI Data
198,4,2015,21.2,WDI Data
198,5,2015,0.8,WDI Data
198,7,2016,24.8,WDI Data
198,8,2017,-3.2,WDI Data
198,9,2014,5.3,WDI Data
198,10,2018,6.6,WDI Data
198,11,2015,1.2,WDI Data
198,12,2017,70.3,WDI Data
199,3,2017,100.0,WDI Data
199,4,2015,1.4,WDI Data
199,5,2015,0.2,WDI Data
199,7,2016,20.4,WDI Data
199,9,2014,5.4,WDI Data
199,10,2018,0.1,WDI Data
199,11,2015,7.5,WDI Data
199,12,2017,58.8,WDI Data
200,1,2017,9.9,WDI Data
200,2,2017,13.3,WDI Data
200,3,2017,23.4,WDI Data
200,4,2015,77.7,WDI Data
200,6,2014,75.6,WDI Data
200,7,2016,21.3,WDI Data
200,8,2017,-33.5,WDI Data
200,9,2014,0.2,WDI Data
200,10,2018,3.3,WDI Data
200,11,2015,1.7,WDI Data
200,12,2017,9.0,WDI Data
201,1,2017,100.0,WDI Data
201,2,2017,100.0,WDI Data
201,3,2017,100.0,WDI Data
201,4,2015,0.7,WDI Data
201,5,2015,2.3,WDI Data
201,7,2016,18.8,WDI Data
201,8,2017,36.8,WDI Data
201,9,2014,10.3,WDI Data
201,10,2018,2.5,WDI Data
201,11,2015,0.3,WDI Data
201,12,2017,84.4,WDI Data
202,3,2017,100.0,WDI Data
202,4,2015,0.0,WDI Data
202,9,2014,19.5,WDI Data
202,10,2018,8.1,WDI Data
203,1,2017,99.8,WDI Data
203,2,2017,82.5,WDI Data
203,3,2017,100.0,WDI Data
203,4,2015,13.4,WDI Data
203,5,2015,1.2,WDI Data
203,7,2016,17.4,WDI Data
203,8,2017,5.6,WDI Data
203,9,2014,5.7,WDI Data
203,10,2018,37.6,WDI Data
203,11,2015,0.8,WDI Data
203,12,2017,81.6,WDI Data
204,1,2017,98.1,WDI Data
204,2,2017,83.0,WDI Data
204,3,2017,100.0,WDI Data
204,4,2015,20.9,WDI Data
204,5,2015,2.2,WDI Data
204,7,2016,15.9,WDI Data
204,8,2017,10.1,WDI Data
204,9,2014,6.2,WDI Data
204,10,2018,55.1,WDI Data
204,11,2015,1.0,WDI Data
204,12,2017,78.9,WDI Data
205,3,2017,62.9,WDI Data
205,4,2015,63.3,WDI Data
205,7,2016,11.8,WDI Data
205,9,2014,0.3,WDI Data
205,10,2018,0.2,WDI Data
205,12,2017,11.9,WDI Data
206,3,2017,32.9,WDI Data
206,4,2015,94.3,WDI Data
206,6,2014,73.6,WDI Data
206,7,2016,31.8,WDI Data
206,9,2014,0.0,WDI Data
206,10,2018,0.8,WDI Data
206,12,2017,2.0,WDI Data
207,3,2017,84.4,WDI Data
207,4,2015,17.2,WDI Data
207,5,2015,0.8,WDI Data
207,6,2014,23.0,WDI Data
207,7,2016,25.1,WDI Data
207,8,2017,0.6,WDI Data
207,9,2014,9.0,WDI Data
207,10,2018,10.3,WDI Data
207,11,2015,33.8,WDI Data
207,12,2017,56.2,WDI Data
209,3,2017,25.4,WDI Data
209,4,2015,39.1,WDI Data
209,6,2014,95.6,WDI Data
209,7,2016,44.8,WDI Data
209,9,2014,0.1,WDI Data
209,10,2018,15.5,WDI Data
209,11,2015,13.9,WDI Data
209,12,2017,8.0,WDI Data
210,1,2017,98.4,WDI Data
210,2,2017,96.6,WDI Data
210,3,2017,100.0,WDI Data
210,4,2015,16.3,WDI Data
210,5,2015,1.2,WDI Data
210,7,2016,9.7,WDI Data
210,8,2017,9.1,WDI Data
210,9,2014,5.0,WDI Data
210,10,2018,15.0,WDI Data
210,11,2015,0.7,WDI Data
210,12,2017,84.6,WDI Data
211,3,2017,97.5,WDI Data
211,4,2015,52.9,WDI Data
211,5,2015,0.1,WDI Data
211,7,2016,14.0,WDI Data
211,8,2017,28.5,WDI Data
211,9,2014,0.9,WDI Data
211,10,2018,3.4,WDI Data
211,11,2015,2.4,WDI Data
211,12,2017,34.1,WDI Data
188,3,2017,100.0,WDI Data
188,4,2015,1.6,WDI Data
188,9,2014,4.5,WDI Data
188,10,2018,0.3,WDI Data
188,11,2015,34.2,WDI Data
188,12,2017,80.7,WDI Data
189,3,2017,98.8,WDI Data
189,4,2015,2.1,WDI Data
189,7,2016,22.4,WDI Data
189,8,2017,-2.3,WDI Data
189,9,2014,2.3,WDI Data
189,10,2018,0.9,WDI Data
189,11,2015,15.8,WDI Data
189,12,2017,50.8,WDI Data
190,3,2017,100.0,WDI Data
190,10,2018,92.0,WDI Data
190,11,2015,17.1,WDI Data
192,3,2017,100.0,WDI Data
192,4,2015,5.8,WDI Data
192,7,2016,22.1,WDI Data
192,8,2017,0.4,WDI Data
192,9,2014,1.9,WDI Data
192,10,2018,0.5,WDI Data
192,11,2015,36.5,WDI Data
192,12,2017,22.0,WDI Data
212,3,2017,56.5,WDI Data
212,4,2015,61.6,WDI Data
212,6,2014,91.6,WDI Data
212,7,2016,54.1,WDI Data
212,8,2017,0.2,WDI Data
212,9,2014,0.3,WDI Data
212,10,2018,2.8,WDI Data
212,12,2017,30.9,WDI Data
213,3,2017,96.8,WDI Data
213,4,2015,24.9,WDI Data
213,6,2014,7.3,WDI Data
213,7,2016,25.3,WDI Data
213,9,2014,3.6,WDI Data
213,10,2018,8.5,WDI Data
213,11,2015,6.1,WDI Data
213,12,2017,48.9,WDI Data
215,1,2017,99.9,WDI Data
215,2,2017,93.4,WDI Data
215,3,2017,100.0,WDI Data
215,4,2015,53.2,WDI Data
215,5,2015,3.3,WDI Data
215,7,2016,6.1,WDI Data
215,8,2017,19.1,WDI Data
215,9,2014,4.5,WDI Data
215,10,2018,15.0,WDI Data
215,11,2015,1.1,WDI Data
215,12,2017,95.5,WDI Data
216,1,2017,95.5,WDI Data
216,2,2017,99.5,WDI Data
216,3,2017,100.0,WDI Data
216,4,2015,25.3,WDI Data
216,5,2015,3.4,WDI Data
216,7,2016,10.3,WDI Data
216,8,2017,16.4,WDI Data
216,9,2014,4.3,WDI Data
216,10,2018,9.7,WDI Data
216,11,2015,0.7,WDI Data
216,12,2017,89.7,WDI Data
217,3,2017,89.6,WDI Data
217,4,2015,0.5,WDI Data
217,5,2015,0.0,WDI Data
217,6,2014,19.3,WDI Data
217,7,2016,43.7,WDI Data
217,9,2014,1.6,WDI Data
217,10,2018,0.7,WDI Data
217,12,2017,34.3,WDI Data
219,1,2017,47.9,WDI Data
219,3,2017,99.3,WDI Data
219,4,2015,44.7,WDI Data
219,5,2015,0.1,WDI Data
219,7,2016,43.4,WDI Data
219,8,2017,6.3,WDI Data
219,9,2014,0.6,WDI Data
219,10,2018,22.3,WDI Data
219,12,2017,22.0,WDI Data
220,2,2017,25.4,WDI Data
220,3,2017,32.8,WDI Data
220,4,2015,85.7,WDI Data
220,5,2015,0.5,WDI Data
220,6,2014,50.7,WDI Data
220,7,2016,28.4,WDI Data
220,8,2017,23.1,WDI Data
220,9,2014,0.2,WDI Data
220,10,2018,31.0,WDI Data
220,11,2015,7.0,WDI Data
220,12,2017,25.0,WDI Data
221,3,2017,100.0,WDI Data
221,4,2015,22.9,WDI Data
221,5,2015,0.6,WDI Data
221,6,2014,25.0,WDI Data
221,7,2016,26.3,WDI Data
221,8,2017,14.0,WDI Data
221,9,2014,4.6,WDI Data
221,10,2018,12.5,WDI Data
221,11,2015,3.5,WDI Data
221,12,2017,52.9,WDI Data
222,3,2017,80.4,WDI Data
222,4,2015,18.2,WDI Data
222,7,2016,20.0,WDI Data
222,8,2017,-14.6,WDI Data
222,9,2014,0.4,WDI Data
222,10,2018,4.4,WDI Data
222,11,2015,3.9,WDI Data
222,12,2017,27.5,WDI Data
223,3,2017,48.0,WDI Data
223,4,2015,71.3,WDI Data
223,5,2015,0.3,WDI Data
223,6,2014,51.2,WDI Data
223,7,2016,37.1,WDI Data
223,8,2017,-7.5,WDI Data
223,9,2014,0.4,WDI Data
223,10,2018,21.8,WDI Data
223,12,2017,12.4,WDI Data
225,3,2017,98.0,WDI Data
225,4,2015,1.9,WDI Data
225,7,2016,11.0,WDI Data
225,9,2014,1.2,WDI Data
225,10,2018,1.5,WDI Data
225,11,2015,1.0,WDI Data
225,12,2017,41.2,WDI Data
226,3,2017,100.0,WDI Data
226,4,2015,0.3,WDI Data
226,5,2015,0.1,WDI Data
226,7,2016,24.2,WDI Data
226,9,2014,34.0,WDI Data
226,10,2018,2.0,WDI Data
226,11,2015,30.9,WDI Data
226,12,2017,77.3,WDI Data
227,1,2017,92.7,WDI Data
227,2,2017,78.1,WDI Data
227,3,2017,100.0,WDI Data
227,4,2015,12.6,WDI Data
227,5,2015,0.6,WDI Data
227,6,2014,8.0,WDI Data
227,7,2016,38.5,WDI Data
227,8,2017,-9.6,WDI Data
227,9,2014,2.6,WDI Data
227,10,2018,5.2,WDI Data
227,11,2015,3.0,WDI Data
227,12,2017,64.2,WDI Data
228,2,2017,65.2,WDI Data
228,3,2017,100.0,WDI Data
228,4,2015,13.4,WDI Data
228,5,2015,0.9,WDI Data
228,6,2014,11.9,WDI Data
228,7,2016,44.5,WDI Data
228,8,2017,11.4,WDI Data
228,9,2014,4.5,WDI Data
228,10,2018,0.2,WDI Data
228,11,2015,4.3,WDI Data
228,12,2017,64.7,WDI Data
229,1,2017,93.9,WDI Data
229,3,2017,100.0,WDI Data
229,4,2015,0.0,WDI Data
229,7,2016,21.7,WDI Data
229,9,2014,12.5,WDI Data
229,10,2018,3.2,WDI Data
229,12,2017,21.3,WDI Data
230,3,2017,100.0,WDI Data
230,4,2015,0.6,WDI Data
230,9,2014,5.8,WDI Data
230,10,2018,0.4,WDI Data
230,11,2015,5.9,WDI Data
231,2,2017,6.3,WDI Data
231,3,2017,100.0,WDI Data
231,4,2015,0.0,WDI Data
231,9,2014,1.0,WDI Data
231,10,2018,0.0,WDI Data
231,11,2015,18.6,WDI Data
231,12,2017,49.3,WDI Data
232,1,2017,7.1,WDI Data
232,3,2017,22.0,WDI Data
232,4,2015,89.1,WDI Data
232,5,2015,0.2,WDI Data
232,6,2014,53.6,WDI Data
232,7,2016,51.9,WDI Data
232,8,2017,-9.5,WDI Data
232,9,2014,0.1,WDI Data
232,10,2018,16.1,WDI Data
232,11,2015,10.8,WDI Data
232,12,2017,23.7,WDI Data
233,1,2017,92.0,WDI Data
233,2,2017,68.5,WDI Data
233,3,2017,100.0,WDI Data
233,4,2015,4.1,WDI Data
233,5,2015,0.6,WDI Data
233,7,2016,20.6,WDI Data
233,8,2017,3.5,WDI Data
233,9,2014,5.0,WDI Data
233,10,2018,3.9,WDI Data
233,11,2015,6.2,WDI Data
233,12,2017,58.9,WDI Data
234,2,2017,96.3,WDI Data
234,3,2017,100.0,WDI Data
234,4,2015,0.1,WDI Data
234,5,2015,0.9,WDI Data
234,7,2016,40.5,WDI Data
234,9,2014,22.9,WDI Data
234,10,2018,15.0,WDI Data
234,11,2015,0.7,WDI Data
234,12,2017,94.8,WDI Data
235,1,2017,100.0,WDI Data
235,2,2017,97.8,WDI Data
235,3,2017,100.0,WDI Data
235,4,2015,8.7,WDI Data
235,5,2015,1.7,WDI Data
235,7,2016,10.5,WDI Data
235,8,2017,5.5,WDI Data
235,9,2014,6.5,WDI Data
235,10,2018,28.8,WDI Data
235,11,2015,1.0,WDI Data
235,12,2017,94.6,WDI Data
236,1,2017,99.0,WDI Data
236,2,2017,90.0,WDI Data
236,3,2017,100.0,WDI Data
236,4,2015,8.7,WDI Data
236,5,2015,2.7,WDI Data
236,7,2016,7.4,WDI Data
236,8,2017,6.1,WDI Data
236,9,2014,16.5,WDI Data
236,10,2018,26.3,WDI Data
236,11,2015,5.0,WDI Data
236,12,2017,87.3,WDI Data
238,3,2017,100.0,WDI Data
238,4,2015,58.0,WDI Data
238,5,2015,0.4,WDI Data
238,7,2016,9.2,WDI Data
238,8,2017,10.2,WDI Data
238,9,2014,2.0,WDI Data
238,10,2018,2.3,WDI Data
238,11,2015,8.5,WDI Data
238,12,2017,68.3,WDI Data
239,1,2017,58.9,WDI Data
239,3,2017,100.0,WDI Data
239,4,2015,3.0,WDI Data
239,5,2015,0.2,WDI Data
239,7,2016,27.8,WDI Data
239,9,2014,3.4,WDI Data
239,10,2018,3.4,WDI Data
239,11,2015,1.6,WDI Data
239,12,2017,52.3,WDI Data
240,1,2017,44.1,WDI Data
240,3,2017,62.8,WDI Data
240,4,2015,36.1,WDI Data
240,7,2016,11.6,WDI Data
240,8,2017,20.8,WDI Data
240,9,2014,0.6,WDI Data
240,10,2018,0.1,WDI Data
240,12,2017,25.7,WDI Data
241,2,2017,23.8,WDI Data
241,3,2017,100.0,WDI Data
241,4,2015,12.8,WDI Data
241,5,2015,0.3,WDI Data
241,7,2016,16.8,WDI Data
241,8,2017,7.2,WDI Data
241,9,2014,6.2,WDI Data
241,10,2018,36.9,WDI Data
241,11,2015,56.3,WDI Data
241,12,2017,72.0,WDI Data
242,3,2017,100.0,WDI Data
242,4,2015,35.0,WDI Data
242,5,2015,0.4,WDI Data
242,6,2014,27.2,WDI Data
242,7,2016,30.2,WDI Data
242,8,2017,13.4,WDI Data
242,9,2014,1.8,WDI Data
242,10,2018,2.9,WDI Data
242,12,2017,58.1,WDI Data
244,3,2017,100.0,WDI Data
244,4,2015,3.9,WDI Data
244,7,2016,10.3,WDI Data
244,10,2018,1.0,WDI Data
244,11,2015,49.3,WDI Data
244,12,2017,64.4,WDI Data
171,2,2017,61.2,WDI Data
171,3,2017,100.0,WDI Data
171,4,2015,10.5,WDI Data
171,5,2015,0.5,WDI Data
171,7,2016,32.7,WDI Data
171,9,2014,0.6,WDI Data
171,11,2015,1.0,WDI Data
171,12,2017,65.2,WDI Data
247,3,2017,79.2,WDI Data
247,4,2015,2.3,WDI Data
247,6,2014,60.8,WDI Data
247,7,2016,50.1,WDI Data
247,9,2014,0.9,WDI Data
247,10,2018,0.6,WDI Data
247,11,2015,6.7,WDI Data
247,12,2017,26.7,WDI Data
248,3,2017,40.3,WDI Data
248,4,2015,88.0,WDI Data
248,6,2014,54.0,WDI Data
248,7,2016,27.4,WDI Data
248,8,2017,9.2,WDI Data
248,9,2014,0.3,WDI Data
248,10,2018,37.9,WDI Data
248,11,2015,5.3,WDI Data
248,12,2017,27.9,WDI Data
249,3,2017,40.4,WDI Data
249,4,2015,81.8,WDI Data
249,6,2014,25.1,WDI Data
249,7,2016,21.7,WDI Data
249,8,2017,-22.2,WDI Data
249,9,2014,0.9,WDI Data
249,10,2018,27.2,WDI Data
249,11,2015,6.7,WDI Data
249,12,2017,27.1,WDI Data
